[
    {
        "model": "analytics.datasource",
        "pk": 1,
        "fields": {
            "code": "drachar.previsionnel-par-expert",
            "label": "",
            "auto": [],
            "inputs": null,
            "processor_name": "previsionnel_par_expert",
            "description": null,
            "definition": null,
            "parameters": {},
            "schedule": null,
            "storage_policy": null,
            "date_creation": "2020-08-15T01:00:17.055Z",
            "date_modification": "2020-08-15T01:00:17.056Z",
            "cloture": null
        }
    },
    {
        "model": "analytics.datasource",
        "pk": 2,
        "fields": {
            "code": "drachar.montant-previsionnel-par-expert",
            "label": "",
            "auto": [],
            "inputs": null,
            "processor_name": "montant_previsionnel_par_expert",
            "description": null,
            "definition": null,
            "parameters": {},
            "schedule": null,
            "storage_policy": null,
            "date_creation": "2020-08-15T01:00:17.057Z",
            "date_modification": "2020-08-15T01:00:17.057Z",
            "cloture": null
        }
    },
    {
        "model": "analytics.datasource",
        "pk": 3,
        "fields": {
            "code": "finance.orders-flaws",
            "label": "Problèmes liés aux commandes",
            "auto": [
                {}
            ],
            "inputs": null,
            "processor_name": "orders_flaws_processor",
            "description": null,
            "definition": null,
            "parameters": {},
            "schedule": null,
            "storage_policy": null,
            "date_creation": "2020-08-15T01:00:17.491Z",
            "date_modification": "2020-08-15T01:00:17.492Z",
            "cloture": null
        }
    },
    {
        "model": "analytics.datasource",
        "pk": 4,
        "fields": {
            "code": "finance.dem_financial_assess",
            "label": "Suivi complet des demandes",
            "auto": [
                {}
            ],
            "inputs": null,
            "processor_name": "dem_financial_assess",
            "description": null,
            "definition": null,
            "parameters": {},
            "schedule": null,
            "storage_policy": null,
            "date_creation": "2020-08-15T01:00:17.532Z",
            "date_modification": "2020-08-15T01:00:17.533Z",
            "cloture": null
        }
    },
    {
        "model": "analytics.datasource",
        "pk": 5,
        "fields": {
            "code": "finance.immo_financial_assess",
            "label": "Suivi des immobilisations",
            "auto": [
                {}
            ],
            "inputs": null,
            "processor_name": "immo_financial_assess",
            "description": null,
            "definition": null,
            "parameters": {},
            "schedule": null,
            "storage_policy": null,
            "date_creation": "2020-08-15T01:00:17.571Z",
            "date_modification": "2020-08-15T01:00:17.572Z",
            "cloture": null
        }
    },
    {
        "model": "common.user",
        "pk": 1,
        "fields": {
            "password": "pbkdf2_sha256$600000$7R5pJ4jd7jJNBaI9l4fPBX$Mc9zqCl3Gyp4NdqSr7mLrgi9ivPTu5GReTv3ShvBhsE=",
            "last_login": "2023-11-05T06:21:42.716Z",
            "is_superuser": true,
            "username": "root",
            "first_name": "Super",
            "last_name": "Utilisateur",
            "email": "",
            "is_staff": true,
            "is_active": true,
            "date_joined": "2020-09-12T19:48:55Z",
            "from_ldap": false,
            "etablissement": 1,
            "initiales": "SU",
            "titre": null,
            "intitule_fonction": null,
            "tel_fixe": "",
            "tel_dect": "",
            "tel_mobile": "",
            "preferences": "{}",
            "last_seen": "2023-11-05T18:30:24.755Z",
            "last_email": null,
            "date_creation": "2021-11-27T10:26:44.730Z",
            "date_modification": "2023-11-05T18:30:24.755Z",
            "groups": [],
            "user_permissions": []
        }
    },
    {
        "model": "common.user",
        "pk": 3,
        "fields": {
            "password": "pbkdf2_sha256$320000$xMtjLpj9Esmvwa7YI76DbR$xIFCZSa2F3X8aof/UL/3CfPKTXyW0UfJ+eC52pmrlro=",
            "last_login": "2022-05-14T09:04:50.034Z",
            "is_superuser": false,
            "username": "deboziel",
            "first_name": "Ella",
            "last_name": "de Bozieux",
            "email": "debozieux.ella@chu-amiens.fr",
            "is_staff": false,
            "is_active": true,
            "date_joined": "2020-09-15T19:57:00.494Z",
            "from_ldap": false,
            "etablissement": 1,
            "initiales": "",
            "titre": null,
            "intitule_fonction": null,
            "tel_fixe": "",
            "tel_dect": "",
            "tel_mobile": "",
            "preferences": "{}",
            "last_seen": "2022-05-14T09:04:50.168Z",
            "last_email": null,
            "date_creation": "2021-11-27T10:26:44.730Z",
            "date_modification": "2021-11-27T10:26:44.740Z",
            "groups": [],
            "user_permissions": []
        }
    },
    {
        "model": "common.user",
        "pk": 4,
        "fields": {
            "password": "pbkdf2_sha256$260000$KOmWx0Hjyjr69WJF3tmbXE$8plaIiY5SEksCF5UoUggLrQD73anJl7oMZXzMswismw=",
            "last_login": "2021-07-10T10:45:34.897Z",
            "is_superuser": false,
            "username": "cekilesy",
            "first_name": "Sylvie",
            "last_name": "Cekilépamor",
            "email": "cekilepamor.sylvie@chu-amiens.fr",
            "is_staff": false,
            "is_active": true,
            "date_joined": "2020-09-15T19:58:47.286Z",
            "from_ldap": false,
            "etablissement": 1,
            "initiales": "",
            "titre": null,
            "intitule_fonction": null,
            "tel_fixe": "",
            "tel_dect": "",
            "tel_mobile": "",
            "preferences": "{}",
            "last_seen": null,
            "last_email": null,
            "date_creation": "2021-11-27T10:26:44.730Z",
            "date_modification": "2021-11-27T10:26:44.740Z",
            "groups": [],
            "user_permissions": []
        }
    },
    {
        "model": "common.user",
        "pk": 5,
        "fields": {
            "password": "pbkdf2_sha256$320000$Ut7RQgwdReaO2fSutA9qNa$sqr9QMaYAYWoZo+Dy9AfSadSRZbbfhFrKhJvSQX20XQ=",
            "last_login": "2022-07-11T14:34:58.168Z",
            "is_superuser": false,
            "username": "couranth",
            "first_name": "Théo",
            "last_name": "Courant",
            "email": "courant.theo@chu-amiens.fr",
            "is_staff": false,
            "is_active": true,
            "date_joined": "2020-09-15T20:00:07.342Z",
            "from_ldap": false,
            "etablissement": 1,
            "initiales": "",
            "titre": null,
            "intitule_fonction": null,
            "tel_fixe": "",
            "tel_dect": "",
            "tel_mobile": "",
            "preferences": "{}",
            "last_seen": "2022-07-11T14:34:58.253Z",
            "last_email": null,
            "date_creation": "2021-11-27T10:26:44.730Z",
            "date_modification": "2022-07-11T14:34:58.253Z",
            "groups": [],
            "user_permissions": []
        }
    },
    {
        "model": "common.user",
        "pk": 6,
        "fields": {
            "password": "pbkdf2_sha256$216000$ZsGjQucetbGG$U3k6ok3m2VlNvWAsdcrtRC0YqtpIfuP6c3NMCf8yQgc=",
            "last_login": "2020-12-06T17:40:02.930Z",
            "is_superuser": false,
            "username": "enbaveyv",
            "first_name": "Yvon",
            "last_name": "Enbaver",
            "email": "enbaver.yvon@chu-amiens.fr",
            "is_staff": false,
            "is_active": true,
            "date_joined": "2020-09-15T20:01:40.843Z",
            "from_ldap": false,
            "etablissement": 1,
            "initiales": "",
            "titre": null,
            "intitule_fonction": null,
            "tel_fixe": "",
            "tel_dect": "",
            "tel_mobile": "",
            "preferences": "{}",
            "last_seen": null,
            "last_email": null,
            "date_creation": "2021-11-27T10:26:44.730Z",
            "date_modification": "2021-11-27T10:26:44.740Z",
            "groups": [],
            "user_permissions": []
        }
    },
    {
        "model": "common.user",
        "pk": 7,
        "fields": {
            "password": "pbkdf2_sha256$320000$Sw5molRh9GkTsT9jYZlGmr$IT4coi6F6m6BUeARWI7hUSOX8M5a+VHtlXfe3hoDJY4=",
            "last_login": "2022-07-11T14:40:14.676Z",
            "is_superuser": false,
            "username": "tomiela",
            "first_name": "Lana",
            "last_name": "Tomie",
            "email": "tomie.lana@chu-amiens.fr",
            "is_staff": false,
            "is_active": true,
            "date_joined": "2020-09-25T04:53:53.763Z",
            "from_ldap": false,
            "etablissement": 1,
            "initiales": "",
            "titre": null,
            "intitule_fonction": null,
            "tel_fixe": "",
            "tel_dect": "",
            "tel_mobile": "",
            "preferences": "{}",
            "last_seen": "2022-07-11T14:40:43.133Z",
            "last_email": null,
            "date_creation": "2021-11-27T10:26:44.730Z",
            "date_modification": "2022-07-11T14:40:43.133Z",
            "groups": [],
            "user_permissions": []
        }
    },
    {
        "model": "common.user",
        "pk": 8,
        "fields": {
            "password": "pbkdf2_sha256$320000$6eX9AkiyVulObtyHHu3LpA$Sy7hUsek0OHTU+JOMIns37fjQrJs11RuBDHsx/m+HOI=",
            "last_login": "2022-07-11T14:41:18.829Z",
            "is_superuser": false,
            "username": "timettvi",
            "first_name": "Vincent",
            "last_name": "Timettre",
            "email": "timettre.vincent@chu-amiens.fr",
            "is_staff": false,
            "is_active": true,
            "date_joined": "2020-12-06T17:14:06.565Z",
            "from_ldap": false,
            "etablissement": 1,
            "initiales": "",
            "titre": null,
            "intitule_fonction": null,
            "tel_fixe": "",
            "tel_dect": "",
            "tel_mobile": "",
            "preferences": "{}",
            "last_seen": "2022-07-11T14:41:27.923Z",
            "last_email": null,
            "date_creation": "2021-11-27T10:26:44.730Z",
            "date_modification": "2022-07-11T14:41:27.923Z",
            "groups": [],
            "user_permissions": []
        }
    },
    {
        "model": "common.user",
        "pk": 9,
        "fields": {
            "password": "pbkdf2_sha256$260000$l7b9Nvb9OtT9QlLBkqOt1O$X3nbHQXHEAiWSTb+MtchG6+fbHgZ5igDyIbJyQzDPzw=",
            "last_login": "2021-07-10T10:58:11.256Z",
            "is_superuser": false,
            "username": "arbitre_biomed",
            "first_name": "Harry",
            "last_name": "Staukrate",
            "email": "staukrate.harry@chu-amiens.fr",
            "is_staff": false,
            "is_active": true,
            "date_joined": "2020-12-06T17:22:39.588Z",
            "from_ldap": false,
            "etablissement": 1,
            "initiales": "",
            "titre": null,
            "intitule_fonction": null,
            "tel_fixe": "",
            "tel_dect": "",
            "tel_mobile": "",
            "preferences": "{}",
            "last_seen": null,
            "last_email": null,
            "date_creation": "2021-11-27T10:26:44.730Z",
            "date_modification": "2021-11-27T10:26:44.740Z",
            "groups": [],
            "user_permissions": []
        }
    },
    {
        "model": "common.user",
        "pk": 10,
        "fields": {
            "password": "pbkdf2_sha256$260000$0NV2K0PNrj7NUjtAHsQrqx$F+af4/ZYBc5R4gtM3351RJ2N4RQAj8sNa4ulWHTughQ=",
            "last_login": null,
            "is_superuser": false,
            "username": "bonbeuje",
            "first_name": "Jean",
            "last_name": "Bonbeure",
            "email": "bonbeure.jean@chu-amiens.fr",
            "is_staff": false,
            "is_active": true,
            "date_joined": "2021-07-07T20:23:05.980Z",
            "from_ldap": false,
            "etablissement": 1,
            "initiales": "",
            "titre": null,
            "intitule_fonction": null,
            "tel_fixe": "",
            "tel_dect": "",
            "tel_mobile": "",
            "preferences": "{}",
            "last_seen": null,
            "last_email": null,
            "date_creation": "2021-11-27T10:26:44.730Z",
            "date_modification": "2021-11-27T10:26:44.740Z",
            "groups": [],
            "user_permissions": []
        }
    },
    {
        "model": "common.user",
        "pk": 11,
        "fields": {
            "password": "pbkdf2_sha256$260000$wixoYD4rAxxs1ft1VY1gWb$X8M5n/L13ytYJrK8uN1qINpRMwz/asp9WefCbHtjPwA=",
            "last_login": "2021-07-16T06:44:59.178Z",
            "is_superuser": false,
            "username": "zonloilo",
            "first_name": "Lorie",
            "last_name": "Zonlointin",
            "email": "zonlointin.lorie@chu-amiens.fr",
            "is_staff": false,
            "is_active": true,
            "date_joined": "2021-07-07T20:24:18.119Z",
            "from_ldap": false,
            "etablissement": 1,
            "initiales": "",
            "titre": null,
            "intitule_fonction": null,
            "tel_fixe": "",
            "tel_dect": "",
            "tel_mobile": "",
            "preferences": "{}",
            "last_seen": null,
            "last_email": null,
            "date_creation": "2021-11-27T10:26:44.730Z",
            "date_modification": "2021-11-27T10:26:44.740Z",
            "groups": [],
            "user_permissions": []
        }
    },
    {
        "model": "common.user",
        "pk": 12,
        "fields": {
            "password": "pbkdf2_sha256$260000$XyHfG5vHx4FtRRPUiL8Cry$X9PSwxkXTxnYVMf2ZUFEQDq1HdC/WgLqFG803D2Demo=",
            "last_login": "2021-07-11T07:29:55.199Z",
            "is_superuser": false,
            "username": "igonnepa",
            "first_name": "Paul",
            "last_name": "Igonne",
            "email": "igonne.paul@chu-amiens.fr",
            "is_staff": false,
            "is_active": true,
            "date_joined": "2021-07-07T20:24:47.070Z",
            "from_ldap": false,
            "etablissement": 1,
            "initiales": "",
            "titre": null,
            "intitule_fonction": null,
            "tel_fixe": "",
            "tel_dect": "",
            "tel_mobile": "",
            "preferences": "{}",
            "last_seen": null,
            "last_email": null,
            "date_creation": "2021-11-27T10:26:44.730Z",
            "date_modification": "2021-11-27T10:26:44.740Z",
            "groups": [],
            "user_permissions": []
        }
    },
    {
        "model": "common.uf",
        "pk": 1,
        "fields": {
            "lettre_budget": "H",
            "code": "0001",
            "nom": "Médecine Nord Hospi",
            "intitule": null,
            "etablissement": 1,
            "site": 1,
            "pole": 2,
            "centre_responsabilite": 1,
            "service": 1,
            "cloture": null,
            "date_creation": "2020-09-15T19:11:58.046Z",
            "date_modification": "2020-09-15T19:11:58.046Z"
        }
    },
    {
        "model": "common.uf",
        "pk": 2,
        "fields": {
            "lettre_budget": "H",
            "code": "0002",
            "nom": "Médecine Sud CE",
            "intitule": null,
            "etablissement": 1,
            "site": 1,
            "pole": 2,
            "centre_responsabilite": 1,
            "service": 2,
            "cloture": null,
            "date_creation": "2020-09-15T19:12:35.217Z",
            "date_modification": "2020-09-15T19:12:35.217Z"
        }
    },
    {
        "model": "common.uf",
        "pk": 3,
        "fields": {
            "lettre_budget": "H",
            "code": "0003",
            "nom": "Orthopédie Est",
            "intitule": null,
            "etablissement": 1,
            "site": 2,
            "pole": 1,
            "centre_responsabilite": 1,
            "service": 4,
            "cloture": null,
            "date_creation": "2020-09-15T19:26:49.727Z",
            "date_modification": "2020-09-15T19:26:49.727Z"
        }
    },
    {
        "model": "common.uf",
        "pk": 4,
        "fields": {
            "lettre_budget": "E",
            "code": "1001",
            "nom": "USLD 1",
            "intitule": null,
            "etablissement": 2,
            "site": 4,
            "pole": 6,
            "centre_responsabilite": 1,
            "service": 1,
            "cloture": null,
            "date_creation": "2020-09-15T19:27:48.876Z",
            "date_modification": "2023-11-05T06:25:26.848Z"
        }
    },
    {
        "model": "common.uf",
        "pk": 5,
        "fields": {
            "lettre_budget": "H",
            "code": "1010",
            "nom": "Bloc opératoire",
            "intitule": "Bloc opératoire",
            "etablissement": 1,
            "site": 6,
            "pole": 1,
            "centre_responsabilite": 2,
            "service": 2,
            "cloture": null,
            "date_creation": "2023-11-05T06:26:16.222Z",
            "date_modification": "2023-11-05T06:26:16.222Z"
        }
    },
    {
        "model": "common.uf",
        "pk": 6,
        "fields": {
            "lettre_budget": "H",
            "code": "1020",
            "nom": "Orthopédie",
            "intitule": "Orthopédie",
            "etablissement": 1,
            "site": 6,
            "pole": 1,
            "centre_responsabilite": 3,
            "service": 4,
            "cloture": null,
            "date_creation": "2023-11-05T06:26:57.709Z",
            "date_modification": "2023-11-05T06:26:57.709Z"
        }
    },
    {
        "model": "common.uf",
        "pk": 7,
        "fields": {
            "lettre_budget": "H",
            "code": "1030",
            "nom": "Chirurgie digestive",
            "intitule": "Chirurgie digestive",
            "etablissement": 1,
            "site": 6,
            "pole": 1,
            "centre_responsabilite": 4,
            "service": 3,
            "cloture": null,
            "date_creation": "2023-11-05T06:28:18.051Z",
            "date_modification": "2023-11-05T06:28:18.051Z"
        }
    },
    {
        "model": "common.uf",
        "pk": 8,
        "fields": {
            "lettre_budget": "H",
            "code": "1040",
            "nom": "Urologie",
            "intitule": "Urologie",
            "etablissement": 1,
            "site": 6,
            "pole": 1,
            "centre_responsabilite": 5,
            "service": 5,
            "cloture": null,
            "date_creation": "2023-11-05T06:29:23.836Z",
            "date_modification": "2023-11-05T06:29:23.836Z"
        }
    },
    {
        "model": "common.uf",
        "pk": 9,
        "fields": {
            "lettre_budget": "H",
            "code": "2010",
            "nom": "Urgences",
            "intitule": "Urgences",
            "etablissement": 1,
            "site": 6,
            "pole": 2,
            "centre_responsabilite": 6,
            "service": 6,
            "cloture": null,
            "date_creation": "2023-11-05T06:30:13.392Z",
            "date_modification": "2023-11-05T06:30:13.392Z"
        }
    },
    {
        "model": "common.uf",
        "pk": 10,
        "fields": {
            "lettre_budget": "H",
            "code": "2020",
            "nom": "Pneumologie",
            "intitule": "Pneumologie",
            "etablissement": 1,
            "site": 6,
            "pole": 2,
            "centre_responsabilite": 7,
            "service": 7,
            "cloture": null,
            "date_creation": "2023-11-05T06:30:44.789Z",
            "date_modification": "2023-11-05T06:30:44.789Z"
        }
    },
    {
        "model": "common.uf",
        "pk": 11,
        "fields": {
            "lettre_budget": "H",
            "code": "2030",
            "nom": "Infectiologie",
            "intitule": "Infectiologie",
            "etablissement": 1,
            "site": 6,
            "pole": 2,
            "centre_responsabilite": 8,
            "service": 8,
            "cloture": null,
            "date_creation": "2023-11-05T06:31:35.494Z",
            "date_modification": "2023-11-05T06:31:35.494Z"
        }
    },
    {
        "model": "common.uf",
        "pk": 12,
        "fields": {
            "lettre_budget": "H",
            "code": "2040",
            "nom": "Cardiologie",
            "intitule": "Cardiologie",
            "etablissement": 1,
            "site": 6,
            "pole": 2,
            "centre_responsabilite": 9,
            "service": 9,
            "cloture": null,
            "date_creation": "2023-11-05T06:32:08.274Z",
            "date_modification": "2023-11-05T06:32:08.274Z"
        }
    },
    {
        "model": "common.uf",
        "pk": 13,
        "fields": {
            "lettre_budget": "H",
            "code": "2050",
            "nom": "USIC",
            "intitule": "USIC",
            "etablissement": 1,
            "site": 6,
            "pole": 2,
            "centre_responsabilite": 10,
            "service": 10,
            "cloture": null,
            "date_creation": "2023-11-05T06:33:09.786Z",
            "date_modification": "2023-11-05T06:33:09.786Z"
        }
    },
    {
        "model": "common.uf",
        "pk": 14,
        "fields": {
            "lettre_budget": "H",
            "code": "2060",
            "nom": "Réanimation",
            "intitule": "Réanimation",
            "etablissement": 1,
            "site": 6,
            "pole": 2,
            "centre_responsabilite": 11,
            "service": 11,
            "cloture": null,
            "date_creation": "2023-11-05T06:34:01.264Z",
            "date_modification": "2023-11-05T06:34:01.264Z"
        }
    },
    {
        "model": "common.uf",
        "pk": 15,
        "fields": {
            "lettre_budget": "H",
            "code": "2070",
            "nom": "Anesthésie",
            "intitule": "Anesthésie",
            "etablissement": 1,
            "site": 6,
            "pole": 2,
            "centre_responsabilite": 11,
            "service": 11,
            "cloture": null,
            "date_creation": "2023-11-05T06:34:47.256Z",
            "date_modification": "2023-11-05T06:34:47.256Z"
        }
    },
    {
        "model": "common.uf",
        "pk": 16,
        "fields": {
            "lettre_budget": "H",
            "code": "3010",
            "nom": "Gériatrie Aiguë",
            "intitule": "Gériatrie Aiguë",
            "etablissement": 1,
            "site": 6,
            "pole": 6,
            "centre_responsabilite": 13,
            "service": 13,
            "cloture": null,
            "date_creation": "2023-11-05T06:37:43.075Z",
            "date_modification": "2023-11-05T06:37:43.075Z"
        }
    },
    {
        "model": "common.uf",
        "pk": 17,
        "fields": {
            "lettre_budget": "J",
            "code": "3020",
            "nom": "MR Aile Nord",
            "intitule": "MR Aile Nord",
            "etablissement": 4,
            "site": 8,
            "pole": 6,
            "centre_responsabilite": 14,
            "service": 14,
            "cloture": null,
            "date_creation": "2023-11-05T18:19:06.501Z",
            "date_modification": "2023-11-05T18:19:06.501Z"
        }
    },
    {
        "model": "common.uf",
        "pk": 18,
        "fields": {
            "lettre_budget": "J",
            "code": "3030",
            "nom": "MR Aile Sud",
            "intitule": "MR Aile Sud",
            "etablissement": 4,
            "site": 8,
            "pole": 6,
            "centre_responsabilite": 14,
            "service": 14,
            "cloture": null,
            "date_creation": "2023-11-05T18:19:55.650Z",
            "date_modification": "2023-11-05T18:19:55.650Z"
        }
    },
    {
        "model": "common.uf",
        "pk": 19,
        "fields": {
            "lettre_budget": "B",
            "code": "3040",
            "nom": "USLD",
            "intitule": "USLD",
            "etablissement": 4,
            "site": 8,
            "pole": 6,
            "centre_responsabilite": 15,
            "service": 15,
            "cloture": null,
            "date_creation": "2023-11-05T18:20:58.291Z",
            "date_modification": "2023-11-05T18:20:58.291Z"
        }
    },
    {
        "model": "common.uf",
        "pk": 20,
        "fields": {
            "lettre_budget": "H",
            "code": "4010",
            "nom": "Bloc Obstétrical",
            "intitule": "Bloc Obstétrical",
            "etablissement": 1,
            "site": 7,
            "pole": 4,
            "centre_responsabilite": 16,
            "service": 16,
            "cloture": null,
            "date_creation": "2023-11-05T18:23:14.566Z",
            "date_modification": "2023-11-05T18:23:14.566Z"
        }
    },
    {
        "model": "common.uf",
        "pk": 21,
        "fields": {
            "lettre_budget": "H",
            "code": "4020",
            "nom": "Obstétrique",
            "intitule": "Obstétrique",
            "etablissement": 1,
            "site": 7,
            "pole": 4,
            "centre_responsabilite": 17,
            "service": 17,
            "cloture": null,
            "date_creation": "2023-11-05T18:24:00.099Z",
            "date_modification": "2023-11-05T18:24:00.099Z"
        }
    },
    {
        "model": "common.uf",
        "pk": 22,
        "fields": {
            "lettre_budget": "H",
            "code": "4030",
            "nom": "Pédiatrie",
            "intitule": "Pédiatrie",
            "etablissement": 1,
            "site": 7,
            "pole": 4,
            "centre_responsabilite": 18,
            "service": 18,
            "cloture": null,
            "date_creation": "2023-11-05T18:25:14.665Z",
            "date_modification": "2023-11-05T18:25:14.665Z"
        }
    },
    {
        "model": "common.uf",
        "pk": 23,
        "fields": {
            "lettre_budget": "H",
            "code": "4040",
            "nom": "Néonatalogie",
            "intitule": "Néonatalogie",
            "etablissement": 1,
            "site": 7,
            "pole": 4,
            "centre_responsabilite": 19,
            "service": 19,
            "cloture": null,
            "date_creation": "2023-11-05T18:26:06.109Z",
            "date_modification": "2023-11-05T18:26:06.109Z"
        }
    },
    {
        "model": "common.uf",
        "pk": 24,
        "fields": {
            "lettre_budget": "H",
            "code": "4050",
            "nom": "Urgences Pédiatriques",
            "intitule": "Urgences Pédiatriques",
            "etablissement": 1,
            "site": 6,
            "pole": 4,
            "centre_responsabilite": 20,
            "service": 20,
            "cloture": null,
            "date_creation": "2023-11-05T18:26:43.581Z",
            "date_modification": "2023-11-05T18:26:43.581Z"
        }
    },
    {
        "model": "common.uf",
        "pk": 25,
        "fields": {
            "lettre_budget": "H",
            "code": "5010",
            "nom": "Laboratoire",
            "intitule": "Laboratoire",
            "etablissement": 1,
            "site": 6,
            "pole": 5,
            "centre_responsabilite": 21,
            "service": 21,
            "cloture": null,
            "date_creation": "2023-11-05T18:27:26.839Z",
            "date_modification": "2023-11-05T18:27:26.839Z"
        }
    },
    {
        "model": "common.uf",
        "pk": 26,
        "fields": {
            "lettre_budget": "H",
            "code": "5020",
            "nom": "Imagerie médicale",
            "intitule": "Imagerie médicale",
            "etablissement": 1,
            "site": 6,
            "pole": 5,
            "centre_responsabilite": 22,
            "service": 22,
            "cloture": null,
            "date_creation": "2023-11-05T18:28:10.540Z",
            "date_modification": "2023-11-05T18:28:10.540Z"
        }
    },
    {
        "model": "common.uf",
        "pk": 27,
        "fields": {
            "lettre_budget": "H",
            "code": "9010",
            "nom": "Biomédical",
            "intitule": "Biomédical",
            "etablissement": 1,
            "site": 6,
            "pole": 7,
            "centre_responsabilite": 23,
            "service": 23,
            "cloture": null,
            "date_creation": "2023-11-05T18:28:59.817Z",
            "date_modification": "2023-11-05T18:28:59.817Z"
        }
    },
    {
        "model": "common.uf",
        "pk": 28,
        "fields": {
            "lettre_budget": "H",
            "code": "9020",
            "nom": "Restauration",
            "intitule": "Restauration",
            "etablissement": 1,
            "site": 5,
            "pole": 7,
            "centre_responsabilite": 24,
            "service": 24,
            "cloture": null,
            "date_creation": "2023-11-05T18:30:15.305Z",
            "date_modification": "2023-11-05T18:30:15.305Z"
        }
    },
    {
        "model": "common.service",
        "pk": 1,
        "fields": {
            "code": "S1",
            "nom": "Médecine Nord",
            "intitule": null,
            "cloture": null,
            "etablissement": null,
            "date_creation": "2021-11-29T06:03:18.142Z",
            "date_modification": "2021-11-29T06:03:18.175Z"
        }
    },
    {
        "model": "common.service",
        "pk": 2,
        "fields": {
            "code": "1010",
            "nom": "Bloc opératoire",
            "intitule": null,
            "cloture": null,
            "etablissement": null,
            "date_creation": "2021-11-29T06:03:18.142Z",
            "date_modification": "2023-11-05T06:24:12.490Z"
        }
    },
    {
        "model": "common.service",
        "pk": 3,
        "fields": {
            "code": "1030",
            "nom": "Chirurgie digestive",
            "intitule": "Chirurgie digestive",
            "cloture": null,
            "etablissement": null,
            "date_creation": "2021-11-29T06:03:18.142Z",
            "date_modification": "2023-11-05T06:23:55.385Z"
        }
    },
    {
        "model": "common.service",
        "pk": 4,
        "fields": {
            "code": "1020",
            "nom": "Orthopédie",
            "intitule": "Orthopédie",
            "cloture": null,
            "etablissement": null,
            "date_creation": "2021-11-29T06:03:18.142Z",
            "date_modification": "2023-11-05T06:23:30.637Z"
        }
    },
    {
        "model": "common.service",
        "pk": 5,
        "fields": {
            "code": "1040",
            "nom": "Urologie",
            "intitule": "Urologie",
            "cloture": null,
            "etablissement": 1,
            "date_creation": "2020-08-15T01:06:05.833Z",
            "date_modification": "2020-08-15T01:06:05.833Z"
        }
    },
    {
        "model": "common.service",
        "pk": 6,
        "fields": {
            "code": "2010",
            "nom": "Urgences",
            "intitule": "Urgences",
            "cloture": null,
            "etablissement": 1,
            "date_creation": "2020-08-15T01:00:58.112Z",
            "date_modification": "2020-08-15T01:00:58.112Z"
        }
    },
    {
        "model": "common.service",
        "pk": 7,
        "fields": {
            "code": "2020",
            "nom": "Pneumologie",
            "intitule": "Pneumologie",
            "cloture": null,
            "etablissement": 1,
            "date_creation": "2020-08-15T01:01:18.831Z",
            "date_modification": "2020-08-15T01:01:18.831Z"
        }
    },
    {
        "model": "common.service",
        "pk": 8,
        "fields": {
            "code": "2030",
            "nom": "Infectiologie",
            "intitule": "Infectiologie",
            "cloture": null,
            "etablissement": 1,
            "date_creation": "2020-08-15T01:01:38.241Z",
            "date_modification": "2020-08-15T01:01:38.241Z"
        }
    },
    {
        "model": "common.service",
        "pk": 9,
        "fields": {
            "code": "2040",
            "nom": "Cardiologie",
            "intitule": "Cardiologie",
            "cloture": null,
            "etablissement": 1,
            "date_creation": "2020-08-15T01:02:00.391Z",
            "date_modification": "2020-08-15T01:02:00.391Z"
        }
    },
    {
        "model": "common.service",
        "pk": 10,
        "fields": {
            "code": "2050",
            "nom": "USIC",
            "intitule": "Unité de Soins Intensifs Cardiologique",
            "cloture": null,
            "etablissement": 1,
            "date_creation": "2020-08-15T01:02:25.358Z",
            "date_modification": "2020-08-15T01:02:25.358Z"
        }
    },
    {
        "model": "common.service",
        "pk": 11,
        "fields": {
            "code": "2060",
            "nom": "Anesthésie-Réanimation",
            "intitule": "Anesthésie-Réanimation",
            "cloture": null,
            "etablissement": 1,
            "date_creation": "2020-08-15T01:02:53.971Z",
            "date_modification": "2023-11-05T06:35:06.065Z"
        }
    },
    {
        "model": "common.service",
        "pk": 13,
        "fields": {
            "code": "3010",
            "nom": "Gériatrie aiguë",
            "intitule": "Gériatrie aiguë",
            "cloture": null,
            "etablissement": 1,
            "date_creation": "2020-08-15T01:01:51.317Z",
            "date_modification": "2020-08-15T01:01:51.317Z"
        }
    },
    {
        "model": "common.service",
        "pk": 14,
        "fields": {
            "code": "3020",
            "nom": "Maison de Retraite",
            "intitule": "Maison de Retraite",
            "cloture": null,
            "etablissement": 4,
            "date_creation": "2020-08-15T01:02:42.942Z",
            "date_modification": "2020-08-15T01:02:42.942Z"
        }
    },
    {
        "model": "common.service",
        "pk": 15,
        "fields": {
            "code": "3040",
            "nom": "USLD",
            "intitule": "Unité de Soins de Longue Durée",
            "cloture": null,
            "etablissement": 4,
            "date_creation": "2020-08-15T01:03:06.395Z",
            "date_modification": "2020-08-15T01:03:06.395Z"
        }
    },
    {
        "model": "common.service",
        "pk": 16,
        "fields": {
            "code": "4010",
            "nom": "Bloc Obstétrical",
            "intitule": "Bloc Obstétrical",
            "cloture": null,
            "etablissement": 1,
            "date_creation": "2020-08-15T01:04:04.822Z",
            "date_modification": "2020-08-15T01:04:04.822Z"
        }
    },
    {
        "model": "common.service",
        "pk": 17,
        "fields": {
            "code": "4020",
            "nom": "Maternité",
            "intitule": "Obstétrique",
            "cloture": null,
            "etablissement": 1,
            "date_creation": "2020-08-15T01:04:29.139Z",
            "date_modification": "2020-08-15T01:04:29.139Z"
        }
    },
    {
        "model": "common.service",
        "pk": 18,
        "fields": {
            "code": "4030",
            "nom": "Pédiatrie",
            "intitule": "Pédiatrie",
            "cloture": null,
            "etablissement": 1,
            "date_creation": "2020-08-15T01:05:01.018Z",
            "date_modification": "2020-08-15T01:05:01.018Z"
        }
    },
    {
        "model": "common.service",
        "pk": 19,
        "fields": {
            "code": "4040",
            "nom": "Néonatalogie",
            "intitule": "Néonatalogie",
            "cloture": null,
            "etablissement": 1,
            "date_creation": "2020-08-15T01:05:20.402Z",
            "date_modification": "2020-08-15T01:05:20.402Z"
        }
    },
    {
        "model": "common.service",
        "pk": 20,
        "fields": {
            "code": "4050",
            "nom": "Urgences Pédiatriques",
            "intitule": "Urgences Pédiatriques",
            "cloture": null,
            "etablissement": 1,
            "date_creation": "2020-08-15T01:05:40.362Z",
            "date_modification": "2020-08-15T01:05:40.362Z"
        }
    },
    {
        "model": "common.service",
        "pk": 21,
        "fields": {
            "code": "5010",
            "nom": "Laboratoire",
            "intitule": "Biologie médicale",
            "cloture": null,
            "etablissement": 1,
            "date_creation": "2020-08-15T01:01:41.166Z",
            "date_modification": "2020-08-15T01:01:41.166Z"
        }
    },
    {
        "model": "common.service",
        "pk": 22,
        "fields": {
            "code": "5020",
            "nom": "Radiologie",
            "intitule": "Imagerie médicale",
            "cloture": null,
            "etablissement": 1,
            "date_creation": "2020-08-15T01:01:58.940Z",
            "date_modification": "2020-08-15T01:01:58.940Z"
        }
    },
    {
        "model": "common.service",
        "pk": 23,
        "fields": {
            "code": "9010",
            "nom": "Biomédical",
            "intitule": "Biomédical",
            "cloture": null,
            "etablissement": 1,
            "date_creation": "2020-08-15T01:02:43.518Z",
            "date_modification": "2020-08-15T01:02:43.518Z"
        }
    },
    {
        "model": "common.service",
        "pk": 24,
        "fields": {
            "code": "9020",
            "nom": "Restauration",
            "intitule": "Restauration",
            "cloture": null,
            "etablissement": 1,
            "date_creation": "2020-08-15T01:03:03.449Z",
            "date_modification": "2020-08-15T01:03:03.449Z"
        }
    },
    {
        "model": "common.centreresponsabilite",
        "pk": 1,
        "fields": {
            "code": "CR0",
            "nom": "Centre Responsabilité Médicale",
            "intitule": null,
            "cloture": null,
            "etablissement": null,
            "date_creation": "2021-11-29T06:03:18.039Z",
            "date_modification": "2021-11-29T06:03:18.075Z"
        }
    },
    {
        "model": "common.centreresponsabilite",
        "pk": 2,
        "fields": {
            "code": "1010",
            "nom": "Bloc opératoire",
            "intitule": "Bloc opératoire",
            "cloture": null,
            "etablissement": 1,
            "date_creation": "2020-08-15T01:04:54.520Z",
            "date_modification": "2020-08-15T01:04:54.520Z"
        }
    },
    {
        "model": "common.centreresponsabilite",
        "pk": 3,
        "fields": {
            "code": "1020",
            "nom": "Orthopédie",
            "intitule": "Orthopédie",
            "cloture": null,
            "etablissement": 1,
            "date_creation": "2020-08-15T01:05:20.110Z",
            "date_modification": "2020-08-15T01:05:20.110Z"
        }
    },
    {
        "model": "common.centreresponsabilite",
        "pk": 4,
        "fields": {
            "code": "1030",
            "nom": "Chirurgie Digestive",
            "intitule": "Chirurgie Digestive",
            "cloture": null,
            "etablissement": 1,
            "date_creation": "2020-08-15T01:05:48.897Z",
            "date_modification": "2020-08-15T01:05:48.897Z"
        }
    },
    {
        "model": "common.centreresponsabilite",
        "pk": 5,
        "fields": {
            "code": "1040",
            "nom": "Urologie",
            "intitule": "Urologie",
            "cloture": null,
            "etablissement": 1,
            "date_creation": "2020-08-15T01:06:05.833Z",
            "date_modification": "2020-08-15T01:06:05.833Z"
        }
    },
    {
        "model": "common.centreresponsabilite",
        "pk": 6,
        "fields": {
            "code": "2010",
            "nom": "Urgences",
            "intitule": "Urgences",
            "cloture": null,
            "etablissement": 1,
            "date_creation": "2020-08-15T01:00:58.112Z",
            "date_modification": "2020-08-15T01:00:58.112Z"
        }
    },
    {
        "model": "common.centreresponsabilite",
        "pk": 7,
        "fields": {
            "code": "2020",
            "nom": "Pneumologie",
            "intitule": "Pneumologie",
            "cloture": null,
            "etablissement": 1,
            "date_creation": "2020-08-15T01:01:18.831Z",
            "date_modification": "2020-08-15T01:01:18.831Z"
        }
    },
    {
        "model": "common.centreresponsabilite",
        "pk": 8,
        "fields": {
            "code": "2030",
            "nom": "Infectiologie",
            "intitule": "Infectiologie",
            "cloture": null,
            "etablissement": 1,
            "date_creation": "2020-08-15T01:01:38.241Z",
            "date_modification": "2020-08-15T01:01:38.241Z"
        }
    },
    {
        "model": "common.centreresponsabilite",
        "pk": 9,
        "fields": {
            "code": "2040",
            "nom": "Cardiologie",
            "intitule": "Cardiologie",
            "cloture": null,
            "etablissement": 1,
            "date_creation": "2020-08-15T01:02:00.391Z",
            "date_modification": "2020-08-15T01:02:00.391Z"
        }
    },
    {
        "model": "common.centreresponsabilite",
        "pk": 10,
        "fields": {
            "code": "2050",
            "nom": "USIC",
            "intitule": "Unité de Soins Intensifs Cardiologique",
            "cloture": null,
            "etablissement": 1,
            "date_creation": "2020-08-15T01:02:25.358Z",
            "date_modification": "2020-08-15T01:02:25.358Z"
        }
    },
    {
        "model": "common.centreresponsabilite",
        "pk": 11,
        "fields": {
            "code": "2060",
            "nom": "Ansthésie-Réanimation",
            "intitule": "Ansthésie-Réanimation",
            "cloture": null,
            "etablissement": 1,
            "date_creation": "2020-08-15T01:02:53.971Z",
            "date_modification": "2023-11-05T06:35:51.662Z"
        }
    },
    {
        "model": "common.centreresponsabilite",
        "pk": 13,
        "fields": {
            "code": "3010",
            "nom": "Gériatrie aiguë",
            "intitule": "Gériatrie aiguë",
            "cloture": null,
            "etablissement": 1,
            "date_creation": "2020-08-15T01:01:51.317Z",
            "date_modification": "2020-08-15T01:01:51.317Z"
        }
    },
    {
        "model": "common.centreresponsabilite",
        "pk": 14,
        "fields": {
            "code": "3020",
            "nom": "Maison de Retraite",
            "intitule": "Maison de Retraite",
            "cloture": null,
            "etablissement": 4,
            "date_creation": "2020-08-15T01:02:42.942Z",
            "date_modification": "2020-08-15T01:02:42.942Z"
        }
    },
    {
        "model": "common.centreresponsabilite",
        "pk": 15,
        "fields": {
            "code": "3040",
            "nom": "USLD",
            "intitule": "Unité de Soins de Longue Durée",
            "cloture": null,
            "etablissement": 4,
            "date_creation": "2020-08-15T01:03:06.395Z",
            "date_modification": "2020-08-15T01:03:06.395Z"
        }
    },
    {
        "model": "common.centreresponsabilite",
        "pk": 16,
        "fields": {
            "code": "4010",
            "nom": "Bloc Obstétrical",
            "intitule": "Bloc Obstétrical",
            "cloture": null,
            "etablissement": 1,
            "date_creation": "2020-08-15T01:04:04.822Z",
            "date_modification": "2020-08-15T01:04:04.822Z"
        }
    },
    {
        "model": "common.centreresponsabilite",
        "pk": 17,
        "fields": {
            "code": "4020",
            "nom": "Maternité",
            "intitule": "Obstétrique",
            "cloture": null,
            "etablissement": 1,
            "date_creation": "2020-08-15T01:04:29.139Z",
            "date_modification": "2020-08-15T01:04:29.139Z"
        }
    },
    {
        "model": "common.centreresponsabilite",
        "pk": 18,
        "fields": {
            "code": "4030",
            "nom": "Pédiatrie",
            "intitule": "Pédiatrie",
            "cloture": null,
            "etablissement": 1,
            "date_creation": "2020-08-15T01:05:01.018Z",
            "date_modification": "2020-08-15T01:05:01.018Z"
        }
    },
    {
        "model": "common.centreresponsabilite",
        "pk": 19,
        "fields": {
            "code": "4040",
            "nom": "Néonatalogie",
            "intitule": "Néonatalogie",
            "cloture": null,
            "etablissement": 1,
            "date_creation": "2020-08-15T01:05:20.402Z",
            "date_modification": "2020-08-15T01:05:20.402Z"
        }
    },
    {
        "model": "common.centreresponsabilite",
        "pk": 20,
        "fields": {
            "code": "4050",
            "nom": "Urgences Pédiatriques",
            "intitule": "Urgences Pédiatriques",
            "cloture": null,
            "etablissement": 1,
            "date_creation": "2020-08-15T01:05:40.362Z",
            "date_modification": "2020-08-15T01:05:40.362Z"
        }
    },
    {
        "model": "common.centreresponsabilite",
        "pk": 21,
        "fields": {
            "code": "5010",
            "nom": "Laboratoire",
            "intitule": "Biologie médicale",
            "cloture": null,
            "etablissement": 1,
            "date_creation": "2020-08-15T01:01:41.166Z",
            "date_modification": "2020-08-15T01:01:41.166Z"
        }
    },
    {
        "model": "common.centreresponsabilite",
        "pk": 22,
        "fields": {
            "code": "5020",
            "nom": "Radiologie",
            "intitule": "Imagerie médicale",
            "cloture": null,
            "etablissement": 1,
            "date_creation": "2020-08-15T01:01:58.940Z",
            "date_modification": "2020-08-15T01:01:58.940Z"
        }
    },
    {
        "model": "common.centreresponsabilite",
        "pk": 23,
        "fields": {
            "code": "9010",
            "nom": "Biomédical",
            "intitule": "Biomédical",
            "cloture": null,
            "etablissement": 1,
            "date_creation": "2020-08-15T01:02:43.518Z",
            "date_modification": "2020-08-15T01:02:43.518Z"
        }
    },
    {
        "model": "common.centreresponsabilite",
        "pk": 24,
        "fields": {
            "code": "9020",
            "nom": "Restauration",
            "intitule": "Restauration",
            "cloture": null,
            "etablissement": 1,
            "date_creation": "2020-08-15T01:03:03.449Z",
            "date_modification": "2020-08-15T01:03:03.449Z"
        }
    },
    {
        "model": "common.pole",
        "pk": 1,
        "fields": {
            "code": "A",
            "nom": "Pôle Chirurgie",
            "intitule": "Pôle chirurgie",
            "cloture": null,
            "etablissement": 1,
            "date_creation": "2021-11-27T17:41:46.747Z",
            "date_modification": "2020-08-15T01:02:44.656Z"
        }
    },
    {
        "model": "common.pole",
        "pk": 2,
        "fields": {
            "code": "B",
            "nom": "Pôle Urgences et Médecine",
            "intitule": null,
            "cloture": null,
            "etablissement": 1,
            "date_creation": "2021-11-27T17:41:46.747Z",
            "date_modification": "2020-08-15T01:02:50.627Z"
        }
    },
    {
        "model": "common.pole",
        "pk": 3,
        "fields": {
            "code": "C",
            "nom": "Pôle Long Séjour",
            "intitule": null,
            "cloture": null,
            "etablissement": 4,
            "date_creation": "2021-11-27T17:41:46.747Z",
            "date_modification": "2020-08-15T01:02:40.385Z"
        }
    },
    {
        "model": "common.pole",
        "pk": 4,
        "fields": {
            "code": "D",
            "nom": "Pôle Femme et Enfant",
            "intitule": "Pôle Femme et Enfant",
            "cloture": null,
            "etablissement": 1,
            "date_creation": "2020-08-15T01:01:46.374Z",
            "date_modification": "2020-08-15T01:01:46.374Z"
        }
    },
    {
        "model": "common.pole",
        "pk": 5,
        "fields": {
            "code": "E",
            "nom": "Pôle médicotechnique",
            "intitule": "Pôle médicotechnique",
            "cloture": null,
            "etablissement": 1,
            "date_creation": "2020-08-15T01:02:20.050Z",
            "date_modification": "2020-08-15T01:02:20.050Z"
        }
    },
    {
        "model": "common.pole",
        "pk": 6,
        "fields": {
            "code": "F",
            "nom": "Pôle gériatrique",
            "intitule": "Pôle gériatrique",
            "cloture": null,
            "etablissement": 1,
            "date_creation": "2020-08-15T01:02:20.050Z",
            "date_modification": "2020-08-15T01:02:20.050Z"
        }
    },
    {
        "model": "common.pole",
        "pk": 7,
        "fields": {
            "code": "Z",
            "nom": "Pôle support",
            "intitule": "Pôle support",
            "cloture": null,
            "etablissement": 1,
            "date_creation": "2020-08-15T01:03:14.310Z",
            "date_modification": "2020-08-15T01:01:46.171Z"
        }
    },
    {
        "model": "common.site",
        "pk": 1,
        "fields": {
            "code": "H1",
            "nom": "Hôpital 1",
            "intitule": null,
            "cloture": null,
            "etablissement": null,
            "date_creation": "2021-11-29T06:03:18.210Z",
            "date_modification": "2021-11-29T06:03:18.246Z"
        }
    },
    {
        "model": "common.site",
        "pk": 2,
        "fields": {
            "code": "H2",
            "nom": "Hôpital 2",
            "intitule": null,
            "cloture": null,
            "etablissement": null,
            "date_creation": "2021-11-29T06:03:18.210Z",
            "date_modification": "2021-11-29T06:03:18.246Z"
        }
    },
    {
        "model": "common.site",
        "pk": 3,
        "fields": {
            "code": "H3",
            "nom": "Site 3",
            "intitule": null,
            "cloture": null,
            "etablissement": null,
            "date_creation": "2021-11-29T06:03:18.210Z",
            "date_modification": "2021-11-29T06:03:18.246Z"
        }
    },
    {
        "model": "common.site",
        "pk": 4,
        "fields": {
            "code": "A1",
            "nom": "Aurissons",
            "intitule": "Aurissons",
            "cloture": null,
            "etablissement": null,
            "date_creation": "2020-08-15T01:01:59.294Z",
            "date_modification": "2020-08-15T01:01:59.294Z"
        }
    },
    {
        "model": "common.site",
        "pk": 5,
        "fields": {
            "code": "B1",
            "nom": "Bourvins",
            "intitule": "Bourvins",
            "cloture": null,
            "etablissement": null,
            "date_creation": "2020-08-15T01:02:24.206Z",
            "date_modification": "2020-08-15T01:02:24.206Z"
        }
    },
    {
        "model": "common.site",
        "pk": 6,
        "fields": {
            "code": "C1",
            "nom": "Courmomble centre",
            "intitule": "Courmomble centre ville",
            "cloture": null,
            "etablissement": null,
            "date_creation": "2020-08-15T01:02:56.925Z",
            "date_modification": "2020-08-15T01:02:56.925Z"
        }
    },
    {
        "model": "common.site",
        "pk": 7,
        "fields": {
            "code": "C2",
            "nom": "Courmomble maternité sud",
            "intitule": "Courmomble maternité sud",
            "cloture": null,
            "etablissement": null,
            "date_creation": "2020-08-15T01:03:16.426Z",
            "date_modification": "2020-08-15T01:03:33.612Z"
        }
    },
    {
        "model": "common.site",
        "pk": 8,
        "fields": {
            "code": "D1",
            "nom": "Draves",
            "intitule": "Draves",
            "cloture": null,
            "etablissement": null,
            "date_creation": "2020-08-15T01:03:47.388Z",
            "date_modification": "2020-08-15T01:03:47.388Z"
        }
    },
    {
        "model": "common.site",
        "pk": 9,
        "fields": {
            "code": "E1",
            "nom": "Epimur",
            "intitule": "Epimur",
            "cloture": null,
            "etablissement": null,
            "date_creation": "2020-08-15T01:04:13.482Z",
            "date_modification": "2020-08-15T01:04:13.482Z"
        }
    },
    {
        "model": "common.etablissement",
        "pk": 1,
        "fields": {
            "code": "CHC",
            "code_gmao": "1",
            "prefix": "C",
            "nom": "CH de Courmomble",
            "intitule": "Centre Hospitalier de Courmomble",
            "cloture": null,
            "date_creation": "2020-09-12T19:50:47.829Z",
            "date_modification": "2020-08-15T01:39:00.726Z"
        }
    },
    {
        "model": "common.etablissement",
        "pk": 2,
        "fields": {
            "code": "CHA",
            "code_gmao": "2",
            "prefix": "A",
            "nom": "CH d'Aurissons",
            "intitule": "Centre Hospitalier d'Aurissons",
            "cloture": null,
            "date_creation": "2020-09-12T19:51:06.310Z",
            "date_modification": "2020-08-15T01:04:06.485Z"
        }
    },
    {
        "model": "common.etablissement",
        "pk": 3,
        "fields": {
            "code": "CHB",
            "code_gmao": "3",
            "prefix": "B",
            "nom": "CH de Bourvin",
            "intitule": "Centre Hospitalier de Bourvin",
            "cloture": null,
            "date_creation": "2020-08-15T01:05:50.509Z",
            "date_modification": "2020-08-15T01:05:50.509Z"
        }
    },
    {
        "model": "common.etablissement",
        "pk": 4,
        "fields": {
            "code": "ED",
            "code_gmao": "4",
            "prefix": "D",
            "nom": "EHPAD de Draves",
            "intitule": "EHPAD de Draves",
            "cloture": null,
            "date_creation": "2020-08-15T01:07:42.422Z",
            "date_modification": "2020-08-15T01:07:42.422Z"
        }
    },
    {
        "model": "common.etablissement",
        "pk": 5,
        "fields": {
            "code": "LE",
            "code_gmao": "5",
            "prefix": "E",
            "nom": "HL d'Epimur",
            "intitule": "Hôpital Local d'Epimur",
            "cloture": null,
            "date_creation": "2020-08-15T01:09:41.812Z",
            "date_modification": "2020-08-15T01:09:41.812Z"
        }
    },
    {
        "model": "common.discipline",
        "pk": 1,
        "fields": {
            "code": "EQ",
            "nom": "Equipements",
            "date_creation": "2020-12-06T17:20:07.724Z",
            "cloture": null,
            "date_modification": "2020-12-06T17:20:07.724Z"
        }
    },
    {
        "model": "common.discipline",
        "pk": 2,
        "fields": {
            "code": "TX",
            "nom": "Travaux",
            "date_creation": "2020-12-06T17:20:07.724Z",
            "cloture": null,
            "date_modification": "2020-12-06T17:20:07.724Z"
        }
    },
    {
        "model": "common.domaine",
        "pk": 1,
        "fields": {
            "code": "324",
            "nom": "Perfusion / Nutrition / Transfusion",
            "parent": null,
            "discipline": 1,
            "description": "",
            "date_creation": "2020-12-06T17:20:10.858Z",
            "date_modification": "2020-12-06T17:20:10.859Z"
        }
    },
    {
        "model": "common.domaine",
        "pk": 2,
        "fields": {
            "code": "320",
            "nom": "Anesthésie",
            "parent": null,
            "discipline": 1,
            "description": "",
            "date_creation": "2020-12-06T17:20:10.858Z",
            "date_modification": "2020-12-06T17:20:10.859Z"
        }
    },
    {
        "model": "common.domaine",
        "pk": 3,
        "fields": {
            "code": "322",
            "nom": "Ventilation",
            "parent": null,
            "discipline": 1,
            "description": "",
            "date_creation": "2020-12-06T17:20:10.858Z",
            "date_modification": "2020-12-06T17:20:10.859Z"
        }
    },
    {
        "model": "common.domaine",
        "pk": 4,
        "fields": {
            "code": "323",
            "nom": "Aspiration",
            "parent": null,
            "discipline": 1,
            "description": "",
            "date_creation": "2020-12-06T17:20:10.858Z",
            "date_modification": "2020-12-06T17:20:10.859Z"
        }
    },
    {
        "model": "common.domaine",
        "pk": 5,
        "fields": {
            "code": "325",
            "nom": "Cardiostimulation",
            "parent": null,
            "discipline": 1,
            "description": "",
            "date_creation": "2020-12-06T17:20:10.858Z",
            "date_modification": "2020-12-06T17:20:10.859Z"
        }
    },
    {
        "model": "common.domaine",
        "pk": 6,
        "fields": {
            "code": "326",
            "nom": "Réanimation pédiatrique",
            "parent": null,
            "discipline": 1,
            "description": "",
            "date_creation": "2020-12-06T17:20:10.858Z",
            "date_modification": "2020-12-06T17:20:10.859Z"
        }
    },
    {
        "model": "common.domaine",
        "pk": 7,
        "fields": {
            "code": "327",
            "nom": "Fonction réfrigérante/chauffante",
            "parent": null,
            "discipline": 1,
            "description": "",
            "date_creation": "2020-12-06T17:20:10.858Z",
            "date_modification": "2020-12-06T17:20:10.859Z"
        }
    },
    {
        "model": "common.domaine",
        "pk": 8,
        "fields": {
            "code": "602",
            "nom": "Eclairage Opératoire",
            "parent": null,
            "discipline": 1,
            "description": "",
            "date_creation": "2020-12-06T17:20:10.858Z",
            "date_modification": "2020-12-06T17:20:10.859Z"
        }
    },
    {
        "model": "common.domaine",
        "pk": 9,
        "fields": {
            "code": "603",
            "nom": "Endoscopie",
            "parent": null,
            "discipline": 1,
            "description": "",
            "date_creation": "2020-12-06T17:20:10.858Z",
            "date_modification": "2020-12-06T17:20:10.859Z"
        }
    },
    {
        "model": "common.domaine",
        "pk": 10,
        "fields": {
            "code": "604",
            "nom": "Bloc : Incision coagulation",
            "parent": null,
            "discipline": 1,
            "description": "",
            "date_creation": "2020-12-06T17:20:10.858Z",
            "date_modification": "2020-12-06T17:20:10.859Z"
        }
    },
    {
        "model": "common.programme",
        "pk": 1,
        "fields": {
            "code": "BIO-00-PE",
            "nom": "Programme courant biomédical",
            "description": "Obligatoire",
            "etablissement": 1,
            "site": null,
            "pole": null,
            "uf": null,
            "enveloppe": "1000000",
            "limit": null,
            "consumed": "0",
            "arbitre": [
                "arbitre_biomed"
            ],
            "debut_arbitrage": null,
            "calendrier": 1,
            "discipline": 1,
            "anteriorite": null,
            "date_creation": "2020-12-06T17:34:13.355Z",
            "cloture": null,
            "date_modification": "2020-08-15T01:07:19.379Z"
        }
    },
    {
        "model": "common.programme",
        "pk": 2,
        "fields": {
            "code": "TVX-00-PC",
            "nom": "0000 - Programme courant travaux",
            "description": "",
            "etablissement": 1,
            "site": null,
            "pole": null,
            "uf": null,
            "enveloppe": "250000",
            "limit": null,
            "consumed": null,
            "arbitre": [
                "igonnepa"
            ],
            "debut_arbitrage": null,
            "calendrier": 2,
            "discipline": 2,
            "anteriorite": null,
            "date_creation": "2021-07-07T20:28:46.170Z",
            "cloture": null,
            "date_modification": "2021-07-13T19:57:37.112Z"
        }
    },
    {
        "model": "common.programme",
        "pk": 3,
        "fields": {
            "code": "BIO-NX",
            "nom": "Plan d'équipement biomédical prochain",
            "description": "",
            "etablissement": 1,
            "site": null,
            "pole": null,
            "uf": null,
            "enveloppe": "5000000",
            "limit": null,
            "consumed": null,
            "arbitre": [
                "arbitre_biomed"
            ],
            "debut_arbitrage": null,
            "calendrier": 3,
            "discipline": 1,
            "anteriorite": null,
            "date_creation": "2020-08-15T01:06:48.575Z",
            "cloture": null,
            "date_modification": "2020-08-15T01:07:29.453Z"
        }
    },
    {
        "model": "common.programme",
        "pk": 4,
        "fields": {
            "code": "EQP-NX",
            "nom": "Plan equipements généraux prochain",
            "description": "",
            "etablissement": 1,
            "site": null,
            "pole": null,
            "uf": null,
            "enveloppe": "1000000",
            "limit": null,
            "consumed": null,
            "arbitre": [
                "arbitre_biomed"
            ],
            "debut_arbitrage": null,
            "calendrier": 3,
            "discipline": 1,
            "anteriorite": null,
            "date_creation": "2020-08-15T01:01:58.981Z",
            "cloture": null,
            "date_modification": "2020-08-15T01:01:58.981Z"
        }
    },
    {
        "model": "common.userufrole",
        "pk": 1,
        "fields": {
            "user": [
                "deboziel"
            ],
            "uf": null,
            "service": null,
            "centre_responsabilite": null,
            "pole": null,
            "site": null,
            "etablissement": 1,
            "discipline": null,
            "domaine_prefix": null,
            "role_code": "DIR",
            "date_creation": "2021-08-24T05:23:06.661Z",
            "cloture": null,
            "date_modification": "2020-08-15T01:41:51.718Z"
        }
    },
    {
        "model": "common.userufrole",
        "pk": 2,
        "fields": {
            "user": [
                "deboziel"
            ],
            "uf": 2,
            "service": null,
            "centre_responsabilite": null,
            "pole": null,
            "site": null,
            "etablissement": null,
            "discipline": null,
            "domaine_prefix": null,
            "role_code": "DIR",
            "date_creation": "2021-08-24T05:23:06.661Z",
            "cloture": null,
            "date_modification": "2021-08-24T05:23:06.787Z"
        }
    },
    {
        "model": "common.userufrole",
        "pk": 4,
        "fields": {
            "user": [
                "cekilesy"
            ],
            "uf": 3,
            "service": null,
            "centre_responsabilite": null,
            "pole": null,
            "site": null,
            "etablissement": null,
            "discipline": null,
            "domaine_prefix": null,
            "role_code": "CHP",
            "date_creation": "2021-08-24T05:23:06.661Z",
            "cloture": null,
            "date_modification": "2021-08-24T05:23:06.787Z"
        }
    },
    {
        "model": "common.userufrole",
        "pk": 5,
        "fields": {
            "user": [
                "deboziel"
            ],
            "uf": 3,
            "service": null,
            "centre_responsabilite": null,
            "pole": null,
            "site": null,
            "etablissement": null,
            "discipline": null,
            "domaine_prefix": null,
            "role_code": "DRP",
            "date_creation": "2021-08-24T05:23:06.661Z",
            "cloture": null,
            "date_modification": "2021-08-24T05:23:06.787Z"
        }
    },
    {
        "model": "common.userufrole",
        "pk": 6,
        "fields": {
            "user": [
                "couranth"
            ],
            "uf": 3,
            "service": null,
            "centre_responsabilite": null,
            "pole": null,
            "site": null,
            "etablissement": null,
            "discipline": null,
            "domaine_prefix": null,
            "role_code": "CAD",
            "date_creation": "2021-08-24T05:23:06.661Z",
            "cloture": null,
            "date_modification": "2021-08-24T05:23:06.787Z"
        }
    },
    {
        "model": "common.userufrole",
        "pk": 7,
        "fields": {
            "user": [
                "enbaveyv"
            ],
            "uf": 3,
            "service": null,
            "centre_responsabilite": null,
            "pole": null,
            "site": null,
            "etablissement": null,
            "discipline": null,
            "domaine_prefix": null,
            "role_code": "CSP",
            "date_creation": "2021-08-24T05:23:06.661Z",
            "cloture": null,
            "date_modification": "2021-08-24T05:23:06.787Z"
        }
    },
    {
        "model": "common.userufrole",
        "pk": 8,
        "fields": {
            "user": [
                "tomiela"
            ],
            "uf": 4,
            "service": null,
            "centre_responsabilite": null,
            "pole": null,
            "site": null,
            "etablissement": null,
            "discipline": null,
            "domaine_prefix": null,
            "role_code": "EXP",
            "date_creation": "2021-08-24T05:23:06.661Z",
            "cloture": null,
            "date_modification": "2021-08-24T05:23:06.787Z"
        }
    },
    {
        "model": "common.userufrole",
        "pk": 9,
        "fields": {
            "user": [
                "timettvi"
            ],
            "uf": 1,
            "service": null,
            "centre_responsabilite": null,
            "pole": null,
            "site": null,
            "etablissement": null,
            "discipline": null,
            "domaine_prefix": null,
            "role_code": "EXP",
            "date_creation": "2021-08-24T05:23:06.661Z",
            "cloture": null,
            "date_modification": "2021-08-24T05:23:06.787Z"
        }
    },
    {
        "model": "common.userufrole",
        "pk": 10,
        "fields": {
            "user": [
                "timettvi"
            ],
            "uf": 2,
            "service": null,
            "centre_responsabilite": null,
            "pole": null,
            "site": null,
            "etablissement": null,
            "discipline": null,
            "domaine_prefix": null,
            "role_code": "EXP",
            "date_creation": "2021-08-24T05:23:06.661Z",
            "cloture": null,
            "date_modification": "2021-08-24T05:23:06.787Z"
        }
    },
    {
        "model": "common.userufrole",
        "pk": 11,
        "fields": {
            "user": [
                "timettvi"
            ],
            "uf": 3,
            "service": null,
            "centre_responsabilite": null,
            "pole": null,
            "site": null,
            "etablissement": null,
            "discipline": null,
            "domaine_prefix": null,
            "role_code": "EXP",
            "date_creation": "2021-08-24T05:23:06.661Z",
            "cloture": null,
            "date_modification": "2021-08-24T05:23:06.787Z"
        }
    },
    {
        "model": "common.userufrole",
        "pk": 12,
        "fields": {
            "user": [
                "bonbeuje"
            ],
            "uf": null,
            "service": null,
            "centre_responsabilite": null,
            "pole": null,
            "site": null,
            "etablissement": 1,
            "discipline": 2,
            "domaine_prefix": null,
            "role_code": "EXP",
            "date_creation": "2021-08-24T05:23:06.661Z",
            "cloture": null,
            "date_modification": "2021-08-24T05:23:06.787Z"
        }
    },
    {
        "model": "common.userufrole",
        "pk": 13,
        "fields": {
            "user": [
                "zonloilo"
            ],
            "uf": null,
            "service": null,
            "centre_responsabilite": null,
            "pole": null,
            "site": null,
            "etablissement": 1,
            "discipline": 2,
            "domaine_prefix": null,
            "role_code": "INGTX",
            "date_creation": "2021-08-24T05:23:06.661Z",
            "cloture": null,
            "date_modification": "2021-08-24T05:23:06.787Z"
        }
    },
    {
        "model": "dem.campagne",
        "pk": 1,
        "fields": {
            "code": "TEST",
            "nom": "Recensement équipements 2021",
            "description": "",
            "message": "",
            "annee": 2020,
            "discipline": 1,
            "dispatcher": [
                "tomiela"
            ],
            "roles": "",
            "natures": [],
            "debut_recensement": "2020-07-31T22:00:00Z",
            "fin_recensement": "2020-11-30T22:59:59Z"
        }
    },
    {
        "model": "dem.campagne",
        "pk": 2,
        "fields": {
            "code": "TVXCT",
            "nom": "Travaux Courants Test",
            "description": "Campagne de recensement des travaux courants de la base de tests",
            "message": "",
            "annee": 2022,
            "discipline": 2,
            "dispatcher": [
                "zonloilo"
            ],
            "roles": null,
            "natures": [],
            "debut_recensement": "2020-07-01T10:00:00Z",
            "fin_recensement": "2020-09-30T22:59:59Z"
        }
    },
    {
        "model": "dem.campagne",
        "pk": 3,
        "fields": {
            "code": "PEQ-PERM",
            "nom": "Plan d'équipement",
            "description": "Campagne permanente pour le plan d'équipement à venir",
            "message": "",
            "annee": 2020,
            "discipline": 1,
            "dispatcher": [
                "zonloilo"
            ],
            "roles": "",
            "natures": [
                "EQ",
                "SW"
            ],
            "debut_recensement": "2018-12-05T14:38:08Z",
            "fin_recensement": "2999-01-01T22:59:59Z"
        }
    },
    {
        "model": "dem.arbitrage",
        "pk": 1,
        "fields": {
            "code": "1",
            "discipline": 1,
            "valeur": true,
            "nom": "Validé prioritaire",
            "commentaire": "",
            "date_creation": "2020-12-06T19:59:59.241Z",
            "cloture": null,
            "date_modification": "2020-08-15T01:01:08.741Z"
        }
    },
    {
        "model": "dem.arbitrage",
        "pk": 2,
        "fields": {
            "code": "2",
            "discipline": 1,
            "valeur": true,
            "nom": "Validé",
            "commentaire": "",
            "date_creation": "2020-12-06T20:00:09.847Z",
            "cloture": null,
            "date_modification": "2020-08-15T01:01:18.832Z"
        }
    },
    {
        "model": "dem.arbitrage",
        "pk": 3,
        "fields": {
            "code": "3",
            "discipline": 1,
            "valeur": false,
            "nom": "Non validé",
            "commentaire": "",
            "date_creation": "2020-12-06T20:00:29.015Z",
            "cloture": null,
            "date_modification": "2020-08-15T01:01:26.173Z"
        }
    },
    {
        "model": "dem.arbitrage",
        "pk": 4,
        "fields": {
            "code": "4",
            "discipline": 1,
            "valeur": false,
            "nom": "Refusé",
            "commentaire": "",
            "date_creation": "2020-12-06T20:00:38.568Z",
            "cloture": null,
            "date_modification": "2020-08-15T01:01:34.193Z"
        }
    },
    {
        "model": "dem.demande",
        "pk": 1,
        "fields": {
            "calendrier": 1,
            "campagne_redirect": null,
            "nature": "SW",
            "discipline_dmd": 1,
            "date": "2020-01-01",
            "nom_projet": "Matériel basique",
            "target": null,
            "description": "",
            "localisation": null,
            "redacteur": [
                "couranth"
            ],
            "nom_cadre_sup": null,
            "avis_cadre_sup": null,
            "commentaire_cadre_sup": "",
            "validateur": null,
            "decision_validateur": null,
            "decision_soumission": "",
            "date_decision": null,
            "uf": 3,
            "nom_organisation": "Etablissement support",
            "code_pole": "AAAA",
            "nom_pole_court": "Pôle Chirurgie",
            "code_uf": "0003",
            "nom_uf_court": "Orthopédie Est",
            "referent": "Le cadre",
            "contact": "Le cadre",
            "dect_contact": "12345",
            "date_premiere_demande": "2020-01-01",
            "priorite": "3",
            "libelle": "Matériel basique",
            "cause": "AQ",
            "materiel_existant": "2012-23322",
            "quantite": "1",
            "prix_unitaire": "314.00",
            "couts_complementaires": false,
            "autre_argumentaire": "C'est particulièrement utile",
            "consommables_eventuels": "Néant",
            "impact_travaux": false,
            "impact_informatique": true,
            "dispatcher_note": "",
            "expert_metier": null,
            "montant_unitaire_expert_metier": null,
            "acquisition_possible": null,
            "quantite_validee": "1",
            "enveloppe_allouee": null,
            "programme": null,
            "domaine": null,
            "avis_biomed": null,
            "commentaire_biomed": "Yes",
            "arbitrage_commission": null,
            "commentaire_provisoire_commission": "",
            "commentaire_definitif_commission": "",
            "gel": false,
            "arg_interet_medical": false,
            "arg_commentaire_im": "",
            "arg_oblig_reglementaire": false,
            "arg_commentaire_or": "",
            "arg_recommandations": false,
            "arg_commentaire_r": "",
            "arg_projet_chu_pole": false,
            "arg_commentaire_pcp": "",
            "arg_confort_patient": false,
            "arg_commentaire_cp": "",
            "arg_confort_perso_ergo": false,
            "arg_commentaire_pe": "",
            "arg_notoriete": false,
            "arg_commentaire_n": "",
            "arg_innovation_recherche": false,
            "arg_commentaire_ir": "",
            "arg_mutualisation": false,
            "arg_commentaire_m": "",
            "arg_gain_financier": false,
            "arg_commentaire_gf": "",
            "tvx_batiment": null,
            "tvx_etage": null,
            "tvx_arg_normes": false,
            "tvx_arg_normes_comment": "",
            "tvx_arg_reorg": false,
            "tvx_arg_reorg_comment": "",
            "tvx_arg_devact": false,
            "tvx_arg_devact_comment": "",
            "tvx_arg_eqpt": false,
            "tvx_arg_eqpt_comment": "",
            "tvx_arg_qvt": false,
            "tvx_arg_qvt_comment": "",
            "tvx_arg_securite": false,
            "tvx_arg_securite_comment": "",
            "tvx_arg_vetustes": false,
            "tvx_arg_vetustes_comment": "",
            "tvx_contrainte_lib": false,
            "tvx_contrainte_alib": false,
            "tvx_contrainte_lar": false,
            "tvx_contrainte_autre": false,
            "tvx_contrainte": "",
            "tvx_priorite": null,
            "tvx_eval_devact": null,
            "tvx_eval_contin": null,
            "tvx_eval_confort": null,
            "tvx_eval_securite": null,
            "tvx_eval_qvt": null,
            "it_caracteristiques_minimales": "",
            "it_a_installer": "",
            "it_cout_formation": null,
            "tmp_int_year": null,
            "tmp_int_remain": null,
            "date_creation": "2020-09-20T16:00:21.645Z",
            "date_modification": "2022-07-11T14:38:57.416Z",
            "code": "DEM-2021-00000",
            "workflow_alert": null,
            "analyse": null
        }
    },
    {
        "model": "dem.demande",
        "pk": 2,
        "fields": {
            "calendrier": 1,
            "campagne_redirect": null,
            "nature": "SW",
            "discipline_dmd": 1,
            "date": "2020-01-01",
            "nom_projet": "Projet du pôle",
            "target": null,
            "description": "",
            "localisation": null,
            "redacteur": [
                "couranth"
            ],
            "nom_cadre_sup": null,
            "avis_cadre_sup": null,
            "commentaire_cadre_sup": "",
            "validateur": null,
            "decision_validateur": 1,
            "decision_soumission": "Approuvé",
            "date_decision": null,
            "uf": 3,
            "nom_organisation": "Etablissement support",
            "code_pole": "AAAA",
            "nom_pole_court": "Pôle Chirurgie",
            "code_uf": "0003",
            "nom_uf_court": "Orthopédie Est",
            "referent": "Le médecin",
            "contact": "Le médecin",
            "dect_contact": "12345",
            "date_premiere_demande": "2019-01-01",
            "priorite": "1",
            "libelle": "Matériel important",
            "cause": "TN",
            "materiel_existant": null,
            "quantite": "2",
            "prix_unitaire": "314159.00",
            "couts_complementaires": false,
            "autre_argumentaire": "Utile aussi pour autre chose",
            "consommables_eventuels": "Tout un tas, des stériles et des non-stériles",
            "impact_travaux": true,
            "impact_informatique": true,
            "dispatcher_note": "",
            "expert_metier": [
                "timettvi"
            ],
            "montant_unitaire_expert_metier": null,
            "acquisition_possible": null,
            "quantite_validee": "1",
            "enveloppe_allouee": null,
            "programme": null,
            "domaine": null,
            "avis_biomed": null,
            "commentaire_biomed": "",
            "arbitrage_commission": null,
            "commentaire_provisoire_commission": "",
            "commentaire_definitif_commission": "",
            "gel": false,
            "arg_interet_medical": true,
            "arg_commentaire_im": "Médicalement important !",
            "arg_oblig_reglementaire": true,
            "arg_commentaire_or": "C'est tout à fait obligatoire",
            "arg_recommandations": true,
            "arg_commentaire_r": "Et même recommandé par les meilleurs marques de lessive",
            "arg_projet_chu_pole": true,
            "arg_commentaire_pcp": "Validé en directoire",
            "arg_confort_patient": true,
            "arg_commentaire_cp": "Patient confortablement installé",
            "arg_confort_perso_ergo": true,
            "arg_commentaire_pe": "Et personnel en position ergonomique",
            "arg_notoriete": true,
            "arg_commentaire_n": "Super image de marque",
            "arg_innovation_recherche": true,
            "arg_commentaire_ir": "Tout neuf, ça vient de sortir",
            "arg_mutualisation": true,
            "arg_commentaire_m": "Tout le monde pourra l'utiliser",
            "arg_gain_financier": true,
            "arg_commentaire_gf": "Et ça nous fera même gagner de l'argent",
            "tvx_batiment": null,
            "tvx_etage": null,
            "tvx_arg_normes": false,
            "tvx_arg_normes_comment": "",
            "tvx_arg_reorg": false,
            "tvx_arg_reorg_comment": "",
            "tvx_arg_devact": false,
            "tvx_arg_devact_comment": "",
            "tvx_arg_eqpt": false,
            "tvx_arg_eqpt_comment": "",
            "tvx_arg_qvt": false,
            "tvx_arg_qvt_comment": "",
            "tvx_arg_securite": false,
            "tvx_arg_securite_comment": "",
            "tvx_arg_vetustes": false,
            "tvx_arg_vetustes_comment": "",
            "tvx_contrainte_lib": false,
            "tvx_contrainte_alib": false,
            "tvx_contrainte_lar": false,
            "tvx_contrainte_autre": false,
            "tvx_contrainte": "",
            "tvx_priorite": null,
            "tvx_eval_devact": null,
            "tvx_eval_contin": null,
            "tvx_eval_confort": null,
            "tvx_eval_securite": null,
            "tvx_eval_qvt": null,
            "it_caracteristiques_minimales": "",
            "it_a_installer": "",
            "it_cout_formation": null,
            "tmp_int_year": null,
            "tmp_int_remain": null,
            "date_creation": "2020-09-20T16:01:48.166Z",
            "date_modification": "2022-07-11T14:40:43.063Z",
            "code": "DEM-2021-00001",
            "workflow_alert": null,
            "analyse": null
        }
    },
    {
        "model": "dem.demande",
        "pk": 3,
        "fields": {
            "calendrier": 1,
            "campagne_redirect": null,
            "nature": "SW",
            "discipline_dmd": 1,
            "date": "2020-01-01",
            "nom_projet": "Projet du pôle",
            "target": null,
            "description": "",
            "localisation": null,
            "redacteur": [
                "enbaveyv"
            ],
            "nom_cadre_sup": null,
            "avis_cadre_sup": null,
            "commentaire_cadre_sup": "",
            "validateur": null,
            "decision_validateur": 0,
            "decision_soumission": "Inutile",
            "date_decision": null,
            "uf": 3,
            "nom_organisation": "Etablissement support",
            "code_pole": "AAAA",
            "nom_pole_court": "Pôle Chirurgie",
            "code_uf": "0003",
            "nom_uf_court": "Orthopédie Est",
            "referent": "Le médecin",
            "contact": "Le médecin",
            "dect_contact": "12345",
            "date_premiere_demande": "2020-01-01",
            "priorite": "1",
            "libelle": "Matériel non validé",
            "cause": "TN",
            "materiel_existant": null,
            "quantite": "1",
            "prix_unitaire": "10000.00",
            "couts_complementaires": false,
            "autre_argumentaire": "Utile aussi pour autre chose",
            "consommables_eventuels": "Quelques-uns",
            "impact_travaux": false,
            "impact_informatique": null,
            "dispatcher_note": "",
            "expert_metier": null,
            "montant_unitaire_expert_metier": null,
            "acquisition_possible": null,
            "quantite_validee": "1",
            "enveloppe_allouee": "10000",
            "programme": null,
            "domaine": null,
            "avis_biomed": null,
            "commentaire_biomed": "",
            "arbitrage_commission": null,
            "commentaire_provisoire_commission": "",
            "commentaire_definitif_commission": "",
            "gel": false,
            "arg_interet_medical": false,
            "arg_commentaire_im": "",
            "arg_oblig_reglementaire": false,
            "arg_commentaire_or": "",
            "arg_recommandations": false,
            "arg_commentaire_r": "",
            "arg_projet_chu_pole": false,
            "arg_commentaire_pcp": "",
            "arg_confort_patient": false,
            "arg_commentaire_cp": "",
            "arg_confort_perso_ergo": false,
            "arg_commentaire_pe": "",
            "arg_notoriete": false,
            "arg_commentaire_n": "",
            "arg_innovation_recherche": false,
            "arg_commentaire_ir": "",
            "arg_mutualisation": false,
            "arg_commentaire_m": "",
            "arg_gain_financier": false,
            "arg_commentaire_gf": "",
            "tvx_batiment": null,
            "tvx_etage": null,
            "tvx_arg_normes": false,
            "tvx_arg_normes_comment": "",
            "tvx_arg_reorg": false,
            "tvx_arg_reorg_comment": "",
            "tvx_arg_devact": false,
            "tvx_arg_devact_comment": "",
            "tvx_arg_eqpt": false,
            "tvx_arg_eqpt_comment": "",
            "tvx_arg_qvt": false,
            "tvx_arg_qvt_comment": "",
            "tvx_arg_securite": false,
            "tvx_arg_securite_comment": "",
            "tvx_arg_vetustes": false,
            "tvx_arg_vetustes_comment": "",
            "tvx_contrainte_lib": false,
            "tvx_contrainte_alib": false,
            "tvx_contrainte_lar": false,
            "tvx_contrainte_autre": false,
            "tvx_contrainte": "",
            "tvx_priorite": null,
            "tvx_eval_devact": null,
            "tvx_eval_contin": null,
            "tvx_eval_confort": null,
            "tvx_eval_securite": null,
            "tvx_eval_qvt": null,
            "it_caracteristiques_minimales": "",
            "it_a_installer": "",
            "it_cout_formation": null,
            "tmp_int_year": null,
            "tmp_int_remain": null,
            "date_creation": "2020-12-06T17:42:11.499Z",
            "date_modification": "2022-07-11T14:39:03.806Z",
            "code": "DEM-2021-00002",
            "workflow_alert": null,
            "analyse": null
        }
    },
    {
        "model": "dem.demande",
        "pk": 4,
        "fields": {
            "calendrier": 1,
            "campagne_redirect": null,
            "nature": "SW",
            "discipline_dmd": 1,
            "date": "2020-01-01",
            "nom_projet": "Projet du pôle",
            "target": null,
            "description": "",
            "localisation": null,
            "redacteur": [
                "enbaveyv"
            ],
            "nom_cadre_sup": null,
            "avis_cadre_sup": null,
            "commentaire_cadre_sup": "",
            "validateur": null,
            "decision_validateur": 1,
            "decision_soumission": "Très bien",
            "date_decision": null,
            "uf": 3,
            "nom_organisation": "Etablissement support",
            "code_pole": "AAAA",
            "nom_pole_court": "Pôle Chirurgie",
            "code_uf": "0003",
            "nom_uf_court": "Orthopédie Est",
            "referent": "Le médecin",
            "contact": "Le médecin",
            "dect_contact": "12345",
            "date_premiere_demande": "2020-01-01",
            "priorite": "2",
            "libelle": "Matériel validé",
            "cause": "RE",
            "materiel_existant": "Ancien truc",
            "quantite": "1",
            "prix_unitaire": "8765.00",
            "couts_complementaires": false,
            "autre_argumentaire": "Utile aussi pour autre chose",
            "consommables_eventuels": "Quelques-uns, mais stériles",
            "impact_travaux": true,
            "impact_informatique": false,
            "dispatcher_note": "",
            "expert_metier": null,
            "montant_unitaire_expert_metier": null,
            "acquisition_possible": null,
            "quantite_validee": "1",
            "enveloppe_allouee": "8765",
            "programme": 1,
            "domaine": 1,
            "avis_biomed": null,
            "commentaire_biomed": "",
            "arbitrage_commission": null,
            "commentaire_provisoire_commission": "",
            "commentaire_definitif_commission": "",
            "gel": false,
            "arg_interet_medical": false,
            "arg_commentaire_im": "",
            "arg_oblig_reglementaire": false,
            "arg_commentaire_or": "",
            "arg_recommandations": false,
            "arg_commentaire_r": "",
            "arg_projet_chu_pole": false,
            "arg_commentaire_pcp": "",
            "arg_confort_patient": false,
            "arg_commentaire_cp": "",
            "arg_confort_perso_ergo": false,
            "arg_commentaire_pe": "",
            "arg_notoriete": false,
            "arg_commentaire_n": "",
            "arg_innovation_recherche": false,
            "arg_commentaire_ir": "",
            "arg_mutualisation": false,
            "arg_commentaire_m": "",
            "arg_gain_financier": false,
            "arg_commentaire_gf": "",
            "tvx_batiment": null,
            "tvx_etage": null,
            "tvx_arg_normes": false,
            "tvx_arg_normes_comment": "",
            "tvx_arg_reorg": false,
            "tvx_arg_reorg_comment": "",
            "tvx_arg_devact": false,
            "tvx_arg_devact_comment": "",
            "tvx_arg_eqpt": false,
            "tvx_arg_eqpt_comment": "",
            "tvx_arg_qvt": false,
            "tvx_arg_qvt_comment": "",
            "tvx_arg_securite": false,
            "tvx_arg_securite_comment": "",
            "tvx_arg_vetustes": false,
            "tvx_arg_vetustes_comment": "",
            "tvx_contrainte_lib": false,
            "tvx_contrainte_alib": false,
            "tvx_contrainte_lar": false,
            "tvx_contrainte_autre": false,
            "tvx_contrainte": "",
            "tvx_priorite": null,
            "tvx_eval_devact": null,
            "tvx_eval_contin": null,
            "tvx_eval_confort": null,
            "tvx_eval_securite": null,
            "tvx_eval_qvt": null,
            "it_caracteristiques_minimales": "",
            "it_a_installer": "",
            "it_cout_formation": null,
            "tmp_int_year": null,
            "tmp_int_remain": null,
            "date_creation": "2020-12-06T17:43:35.115Z",
            "date_modification": "2022-07-11T14:39:18.019Z",
            "code": "DEM-2021-00003",
            "workflow_alert": null,
            "analyse": null
        }
    },
    {
        "model": "dem.demande",
        "pk": 5,
        "fields": {
            "calendrier": 1,
            "campagne_redirect": null,
            "nature": "SW",
            "discipline_dmd": 1,
            "date": "2020-01-01",
            "nom_projet": "Demande acceptée",
            "target": null,
            "description": "",
            "localisation": null,
            "redacteur": [
                "cekilesy"
            ],
            "nom_cadre_sup": null,
            "avis_cadre_sup": null,
            "commentaire_cadre_sup": "",
            "validateur": null,
            "decision_validateur": 1,
            "decision_soumission": "OK",
            "date_decision": null,
            "uf": 3,
            "nom_organisation": "Etablissement support",
            "code_pole": "AAAA",
            "nom_pole_court": "Pôle Chirurgie",
            "code_uf": "0003",
            "nom_uf_court": "Orthopédie Est",
            "referent": "Le médecin",
            "contact": "Le médecin",
            "dect_contact": "12345",
            "date_premiere_demande": "2020-01-01",
            "priorite": "2",
            "libelle": "Demande acceptée",
            "cause": "EV",
            "materiel_existant": "Truc à améliorer",
            "quantite": "2",
            "prix_unitaire": "12345.00",
            "couts_complementaires": false,
            "autre_argumentaire": "Demande qui sera acceptée",
            "consommables_eventuels": "Non, pas le moindre",
            "impact_travaux": true,
            "impact_informatique": false,
            "dispatcher_note": "",
            "expert_metier": null,
            "montant_unitaire_expert_metier": null,
            "acquisition_possible": null,
            "quantite_validee": "2",
            "enveloppe_allouee": "24690",
            "programme": 1,
            "domaine": 1,
            "avis_biomed": null,
            "commentaire_biomed": "",
            "arbitrage_commission": 2,
            "commentaire_provisoire_commission": "",
            "commentaire_definitif_commission": "",
            "gel": false,
            "arg_interet_medical": false,
            "arg_commentaire_im": "",
            "arg_oblig_reglementaire": false,
            "arg_commentaire_or": "",
            "arg_recommandations": false,
            "arg_commentaire_r": "",
            "arg_projet_chu_pole": false,
            "arg_commentaire_pcp": "",
            "arg_confort_patient": false,
            "arg_commentaire_cp": "",
            "arg_confort_perso_ergo": false,
            "arg_commentaire_pe": "",
            "arg_notoriete": false,
            "arg_commentaire_n": "",
            "arg_innovation_recherche": false,
            "arg_commentaire_ir": "",
            "arg_mutualisation": false,
            "arg_commentaire_m": "",
            "arg_gain_financier": false,
            "arg_commentaire_gf": "",
            "tvx_batiment": null,
            "tvx_etage": null,
            "tvx_arg_normes": false,
            "tvx_arg_normes_comment": "",
            "tvx_arg_reorg": false,
            "tvx_arg_reorg_comment": "",
            "tvx_arg_devact": false,
            "tvx_arg_devact_comment": "",
            "tvx_arg_eqpt": false,
            "tvx_arg_eqpt_comment": "",
            "tvx_arg_qvt": false,
            "tvx_arg_qvt_comment": "",
            "tvx_arg_securite": false,
            "tvx_arg_securite_comment": "",
            "tvx_arg_vetustes": false,
            "tvx_arg_vetustes_comment": "",
            "tvx_contrainte_lib": false,
            "tvx_contrainte_alib": false,
            "tvx_contrainte_lar": false,
            "tvx_contrainte_autre": false,
            "tvx_contrainte": "",
            "tvx_priorite": null,
            "tvx_eval_devact": null,
            "tvx_eval_contin": null,
            "tvx_eval_confort": null,
            "tvx_eval_securite": null,
            "tvx_eval_qvt": null,
            "it_caracteristiques_minimales": "",
            "it_a_installer": "",
            "it_cout_formation": null,
            "tmp_int_year": null,
            "tmp_int_remain": null,
            "date_creation": "2020-12-06T17:59:08.132Z",
            "date_modification": "2022-07-11T14:39:28.674Z",
            "code": "DEM-2021-00004",
            "workflow_alert": null,
            "analyse": null
        }
    },
    {
        "model": "dem.demande",
        "pk": 6,
        "fields": {
            "calendrier": 1,
            "campagne_redirect": null,
            "nature": "SW",
            "discipline_dmd": 1,
            "date": "2020-01-01",
            "nom_projet": "Demande refusée",
            "target": null,
            "description": "",
            "localisation": null,
            "redacteur": [
                "cekilesy"
            ],
            "nom_cadre_sup": null,
            "avis_cadre_sup": null,
            "commentaire_cadre_sup": "",
            "validateur": null,
            "decision_validateur": 1,
            "decision_soumission": "OK",
            "date_decision": null,
            "uf": 3,
            "nom_organisation": "Etablissement support",
            "code_pole": "AAAA",
            "nom_pole_court": "Pôle Chirurgie",
            "code_uf": "0003",
            "nom_uf_court": "Orthopédie Est",
            "referent": "Le médecin",
            "contact": "Le médecin",
            "dect_contact": "12345",
            "date_premiere_demande": "2020-01-01",
            "priorite": "2",
            "libelle": "Demande refusée",
            "cause": "AQ",
            "materiel_existant": null,
            "quantite": "3",
            "prix_unitaire": "5555.00",
            "couts_complementaires": false,
            "autre_argumentaire": "Demande qui sera refusée",
            "consommables_eventuels": "Yep",
            "impact_travaux": null,
            "impact_informatique": null,
            "dispatcher_note": "",
            "expert_metier": null,
            "montant_unitaire_expert_metier": null,
            "acquisition_possible": null,
            "quantite_validee": "3",
            "enveloppe_allouee": "16665",
            "programme": 1,
            "domaine": 1,
            "avis_biomed": null,
            "commentaire_biomed": "",
            "arbitrage_commission": 3,
            "commentaire_provisoire_commission": "",
            "commentaire_definitif_commission": "",
            "gel": false,
            "arg_interet_medical": false,
            "arg_commentaire_im": "",
            "arg_oblig_reglementaire": false,
            "arg_commentaire_or": "",
            "arg_recommandations": false,
            "arg_commentaire_r": "",
            "arg_projet_chu_pole": false,
            "arg_commentaire_pcp": "",
            "arg_confort_patient": false,
            "arg_commentaire_cp": "",
            "arg_confort_perso_ergo": false,
            "arg_commentaire_pe": "",
            "arg_notoriete": false,
            "arg_commentaire_n": "",
            "arg_innovation_recherche": false,
            "arg_commentaire_ir": "",
            "arg_mutualisation": false,
            "arg_commentaire_m": "",
            "arg_gain_financier": false,
            "arg_commentaire_gf": "",
            "tvx_batiment": null,
            "tvx_etage": null,
            "tvx_arg_normes": false,
            "tvx_arg_normes_comment": "",
            "tvx_arg_reorg": false,
            "tvx_arg_reorg_comment": "",
            "tvx_arg_devact": false,
            "tvx_arg_devact_comment": "",
            "tvx_arg_eqpt": false,
            "tvx_arg_eqpt_comment": "",
            "tvx_arg_qvt": false,
            "tvx_arg_qvt_comment": "",
            "tvx_arg_securite": false,
            "tvx_arg_securite_comment": "",
            "tvx_arg_vetustes": false,
            "tvx_arg_vetustes_comment": "",
            "tvx_contrainte_lib": false,
            "tvx_contrainte_alib": false,
            "tvx_contrainte_lar": false,
            "tvx_contrainte_autre": false,
            "tvx_contrainte": "",
            "tvx_priorite": null,
            "tvx_eval_devact": null,
            "tvx_eval_contin": null,
            "tvx_eval_confort": null,
            "tvx_eval_securite": null,
            "tvx_eval_qvt": null,
            "it_caracteristiques_minimales": "",
            "it_a_installer": "",
            "it_cout_formation": null,
            "tmp_int_year": null,
            "tmp_int_remain": null,
            "date_creation": "2020-12-06T17:59:52.375Z",
            "date_modification": "2022-07-11T14:39:37.361Z",
            "code": "DEM-2021-00085",
            "workflow_alert": null,
            "analyse": null
        }
    },
    {
        "model": "dem.demande",
        "pk": 7,
        "fields": {
            "calendrier": 2,
            "campagne_redirect": null,
            "nature": "EQ",
            "discipline_dmd": 2,
            "date": "2021-07-07",
            "nom_projet": "Repeindre tous les murs",
            "target": null,
            "description": "",
            "localisation": null,
            "redacteur": [
                "cekilesy"
            ],
            "nom_cadre_sup": null,
            "avis_cadre_sup": null,
            "commentaire_cadre_sup": "",
            "validateur": null,
            "decision_validateur": null,
            "decision_soumission": "",
            "date_decision": null,
            "uf": 3,
            "nom_organisation": "A",
            "code_pole": "0000",
            "nom_pole_court": "B",
            "code_uf": "0000",
            "nom_uf_court": "C",
            "referent": "Sylvie Cekilépamor",
            "contact": null,
            "dect_contact": null,
            "date_premiere_demande": "2021-01-01",
            "priorite": "2",
            "libelle": "Repeindre tous les murs",
            "cause": "AQ",
            "materiel_existant": null,
            "quantite": "1",
            "prix_unitaire": null,
            "couts_complementaires": false,
            "autre_argumentaire": "Sale",
            "consommables_eventuels": null,
            "impact_travaux": null,
            "impact_informatique": null,
            "dispatcher_note": null,
            "expert_metier": null,
            "montant_unitaire_expert_metier": null,
            "acquisition_possible": null,
            "quantite_validee": "1",
            "enveloppe_allouee": null,
            "programme": null,
            "domaine": null,
            "avis_biomed": null,
            "commentaire_biomed": "",
            "arbitrage_commission": null,
            "commentaire_provisoire_commission": "",
            "commentaire_definitif_commission": "",
            "gel": false,
            "arg_interet_medical": false,
            "arg_commentaire_im": "",
            "arg_oblig_reglementaire": false,
            "arg_commentaire_or": "",
            "arg_recommandations": false,
            "arg_commentaire_r": "",
            "arg_projet_chu_pole": false,
            "arg_commentaire_pcp": "",
            "arg_confort_patient": false,
            "arg_commentaire_cp": "",
            "arg_confort_perso_ergo": false,
            "arg_commentaire_pe": "",
            "arg_notoriete": false,
            "arg_commentaire_n": "",
            "arg_innovation_recherche": false,
            "arg_commentaire_ir": "",
            "arg_mutualisation": false,
            "arg_commentaire_m": "",
            "arg_gain_financier": false,
            "arg_commentaire_gf": "",
            "tvx_batiment": "AU",
            "tvx_etage": "RDJ",
            "tvx_arg_normes": false,
            "tvx_arg_normes_comment": "",
            "tvx_arg_reorg": false,
            "tvx_arg_reorg_comment": "",
            "tvx_arg_devact": false,
            "tvx_arg_devact_comment": "",
            "tvx_arg_eqpt": false,
            "tvx_arg_eqpt_comment": "",
            "tvx_arg_qvt": false,
            "tvx_arg_qvt_comment": "",
            "tvx_arg_securite": true,
            "tvx_arg_securite_comment": "Hygiène",
            "tvx_arg_vetustes": true,
            "tvx_arg_vetustes_comment": "",
            "tvx_contrainte_lib": false,
            "tvx_contrainte_alib": false,
            "tvx_contrainte_lar": false,
            "tvx_contrainte_autre": true,
            "tvx_contrainte": "Patients avec béquilles",
            "tvx_priorite": "3",
            "tvx_eval_devact": null,
            "tvx_eval_contin": null,
            "tvx_eval_confort": null,
            "tvx_eval_securite": null,
            "tvx_eval_qvt": null,
            "it_caracteristiques_minimales": null,
            "it_a_installer": null,
            "it_cout_formation": null,
            "tmp_int_year": null,
            "tmp_int_remain": null,
            "date_creation": "2021-07-07T21:15:28.839Z",
            "date_modification": "2021-07-16T06:44:13.335Z",
            "code": "DEM-2021-00086",
            "workflow_alert": null,
            "analyse": null
        }
    }
]